No,Kalimat,Kata Ambigu,Actual Sense
1,aku membaca buku tentang sejarah di perpustakaan,buku,"lembar kertas yang berjilid, berisi tulisan atau kosong; kitab"
2,Tebu itu mempunyai banyak buku,buku,"tempat pertemuan dua ruas (jari, buluh, tebu)"
3,pada teras di bawahnya terbentang taman yang luas,teras,bidang tanah datar yang miring; bidang tanah yang lebih tinggi daripada yang lain (biasanya ditumbuhi rumput)
4,pada irisan penampang kelihatan teras yang dikelilingi lingkaran-lingkaran kayu yang dapat menunjukkan umurnya,teras,bagian kayu yang keras; inti kayu
5,"bukan hanya pembangunan fisik yang diperhatikan, melainkan juga pembangunan mental",mental,"bersangkutan dengan batin dan watak manusia, yang bukan bersifat badan atau tenaga"
6,akibat tabrakan yang terjadi tubuh itu mental sekitar 2 meter,mental,terpelanting; terpental
7,"perkara mesin, dia lebih tahu daripada saya",tahu,"mengerti sesudah melihat (menyaksikan, mengalami, dan sebagainya)"
8,ayah membawa tahu sumedang saat pergi ke sumedang,tahu,"makanan dari kedelai putih yang digiling halus-halus, direbus, dan dicetak"
9,padi jangan ditanam terlalu rapat,rapat,"kerap (tentang tanaman, anyaman, dan sebagainya)"
10,kami mengadakan rapat di dalam ruangan,rapat,pertemuan (kumpulan) untuk membicarakan sesuatu; sidang; majelis
11,matahari terbenam menandakan malam telah tiba,malam,waktu setelah matahari terbenam hingga matahari terbit
12,ia kehabisan malam saat membatik,malam,lilin (dipakai untuk membatik)
13,dia mendapatkan bunga mawar merah yang harum dari penggemarnya,bunga,jenis untuk berbagai-bagai bunga
14,dia mendapatkan bunga bank atas jasa investasi modalnya,bunga,pendapatan atas setiap investasi modal
15,sepatu dengan hak tinggi sedang digemari oleh wanita karier,hak,telapak sepatu pada bagian tumit yang relatif tinggi
16,ia juga punya hak tinggal di sini,hak,kekuasaan yang benar atas sesuatu atau untuk menuntut sesuatu
17,"satu minggu ini, dia sudah empat kali datang ke rumahku",kali,kata untuk menyatakan kekerapan tindakan
18,ia melihat bebek berenang di kali,kali,sungai
19,ia mendapat gelar srikandi dari kawan-kawannya,gelar,julukan yang berhubungan dengan keadaan atau tabiat orang; sebutan
20,tolong gelar tikar itu,gelar,hampar
21,jarak antara Mekah dan Medinah kami tempuh dengan bus dalam 5 jam,jarak,ruang sela (panjang atau jauh) antara dua benda atau tempat
22,ia sedang mencari biji jarak,jarak,biji jarak
23,ia mendapat salam dari ayahnya,salam,pernyataan hormat; tabik
24,ia lupa memasukkan salam kemasakannya,salam,"tanaman termasuk suku Myrtaceae, pohonnya bertajuk lebat, tingginya mencapai 25 m, daunnya berbentuk bulat telur atau lonjong, berbau harum, biasanya digunakan sebagai bumbu masak"
25,hal ini sudah jamak terjadi,jamak,lazim; tidak aneh; lumrah; wajar
26,ia sedang menjamak salat,jamak,penggabungan (tentang salat wajib); antara salat Zuhur dan salat Asar atau salat Magrib dan salat Isya
27,roman wajahnya berubah menjadi sedih,roman,rupa muka; wajah
28,Film Roman Picisan adalah film drama percintaan Indonesia tahun 2018 yang disutradarai oleh Monty Tiwa,roman,(cerita) percintaan
29,buka buku pada halaman 50,halaman,"muka dari lembaran buku (majalah, surat kabar, dan sebagainya); pagina"
30,halaman rumahnya ditanami cemara,halaman,pekarangan rumah (sekolah dan sebagainya); tanah di sekitar rumah (sekolah dan sebagainya)
31,angin terjadi karena gerakan hawa,hawa,campuran berbagai-bagai gas yang meliputi bumi; udara
32,ia tidak dapat menahan hawa nafsunya,hawa,keinginan; nafsu
33,baik sanak keluarga maupun orang helat banyak yang hadir pada resepsi pernikahannya,helat,asing; lain; bukan keluarga
34,banyak tamu yang datang untuk meramaikan helat putri tunggalnya,helat,pesta perkawinan dan sebagainya
35,"hemat pangkal kaya, rajin pangkal pandai",hemat,"berhati-hati dalam membelanjakan uang, dan sebagainya; tidak boros; cermat"
36,ia mendengarkan pelajaran dengan hemat dan cermat,hemat,penuh minat dan perhatian; (dengan) saksama; teliti
37,"majikan itu sangat kejam, tidak mau menaikkan upah buruhnya barang sedikit juga",kejam,sangat kikir
38,"sungguhpun matanya kejam, ia tidak tidur",kejam,tertutup rapat (tentang mata); pejam
39,perkataannya lemak manis,lemak,sedap; enak
40,lemak penyelar daging,lemak,zat minyak yang melekat pada daging; gemuk
41,berbagai macam pengaruh negatif dapat disebabkan oleh sejarah politik,negatif,kurang baik; menyimpang dari ukuran umum
42,kabel positif jangan langsung kau hubungkan dengan kabel negatif,negatif,kabel yang aliran listriknya berpotensi lebih rendah
43,pupus sudah harapannya selama ini,pupus,habis sama sekali; hilang lenyap; punah
44,pupus daun pisang tersebut terjatuh,pupus,pucuk yang masih muda; daun muda
45,surat tersebut dikirim melalui kantor pos,pos,"kantor tempat kirim-mengirim surat, uang, dan sebagainya; kantor pos"
46,pos tentara militer tepat berada di depan,pos,"tempat penjagaan (tentara, polisi, pengamat gunung berapi, dan sebagainya)"
47,di negara yang rusuh itu sering timbul pemberontakan,rusuh,kacau; ribut; gaduh; huru-hara
48,"pada babak pertama, kedua kesebelasan masih bermain sama kuat",babak,bagian permainan yang waktunya tertentu; ronde
49,roni babak belur dihajar oleh lawannya,babak,lecet (tentang kulit)
50,Ular kobra memiliki bisa yang sangat berbahaya dan mematikan,bisa,"zat racun yang dapat menyebabkan luka, busuk, atau mati bagi sesuatu yang hidup (biasanya terdapat pada binatang)"
51,Dia bisa membaca tapi tidak dengan menulis,bisa,mampu (kuasa melakukan sesuatu); dapat
52,buah apel sangat kaya akan vitamin C,apel,buah apel
53,apabila tidak puas dengan putusan pengadilan negeri boleh minta apel kepada pengadilan tinggi,apel,naik banding kepada pengadilan yang lebih tinggi; permohonan pemeriksaan ulang pada pengadilan tingkat kedua (pengadilan tinggi) terhadap keputusan pengadilan tingkat pertama (pengadilan negeri)
54,amanat apel pagi dibacakan oleh pemimpin apel,apel,upacara
55,Genting rumahku rusak akibat angin puting beliung kemarin malam,genting,"tutup atap rumah yang terbuat dari tanah liat yang dicetak dan dibakar, bermacam-macam bentuknya"
56,"setelah perundingan menemui jalan buntu, keadaan bertambah genting",genting,tegang; berbahaya (tentang keadaan yang mungkin segera menimbulkan bencana perang dan sebagainya)
57,dia merasakan sesak akibat asma yang dideritanya,asma,"gangguan pernapasan yang sering bersifat alergis, ditandai dengan sulit bernapas dan rasa sesak dalam dada; penyakit sesak napas; bengek"
58,kami berbuat baik terhadap siapapun semata-mata untuk meluhurkan asma Tuhan,asma,nama (bagi Tuhan)
59,semua orang heran bahwa istrinya dapat bersikap baik pada madunya,madu,istri sah yang lain dari seorang suami berdasarkan pandangan istri pertamanya
60,sarang lebah ini jika diperas mengeluarkan madu,madu,cairan yang banyak mengandung zat gula pada sarang lebah atau bunga (rasanya manis)
61,tamu itu gondok karena diperlakukan tidak sewajarnya,gondok,mendongkol; marah yang tertahan
62,gondok merupakan penyakit pembengkakan pada leher,gondok,penyakit bengkak pada leher depan karena kelenjar yang menjadi besar; beguk
63,Para pihak yang merasa terancam karena tindakan pembajakan harus segera melaporkan hal tersebut kepada pihak berwajib,bajak,"ambil alih secara paksa, disertai ancaman (tentang pesawat dan sebagainya)"
64,Petani harus membajak sawah sebelum menanam padi,bajak,perkakas pertanian yang terbuat dari kayu atau besi untuk menggemburkan dan membalikkan tanah; luku; tenggala
65,Saya telah berbicara dengan ahli waris keluarga itu tentang penyelesaian warisan,ahli,keluarga atau kaum
66,dia seorang yang ahli menjalankan mesin itu,ahli,mahir benar; sangat mendalam dalam suatu ilmu
67,tiang itu rusak dimakan bubuk,bubuk,"binatang kecil yang berkulit keras, berupa kumbang yang suka makan kayu, balok, beras, dan sebagainya"
68,bubuk kopi tersebut adalah yang paling hitam dan halus,bubuk,barang yang ditumbuk menjadi tepung halus
69,sabun yang baik banyak mengandung busa,busa,gelembung-gelembung putih kecil-kecil (seperti pada sabun dan sebagainya); buih
70,Pilihan kasur dengan lapisan busa memastikan tidur Anda lebih empuk dan nyaman,busa,"karet gembus dan empuk, biasanya untuk isi jok atau kasur"
71,"Dasar bodoh, tidakkah kau mengerti betapa berbahayanya tindakanmu?",dasar,memang
72,Buah apel batu sangat segar jika dijus,apel,buah apel
73,Apel kebangsaan pagi di lapangan tersebut dihadiri seluruh pns kota malang,apel,upacara
74,Tahu asli kediri sangat gemar dijadikan oleh oleh khas,tahu,"makanan dari kedelai putih yang digiling halus-halus, direbus, dan dicetak"
75,Dia tahu sifat asli temannya yang dikira jahat tersebut,tahu,"mengerti sesudah melihat (menyaksikan, mengalami, dan sebagainya)"
76,toilet untuk kaum hawa pada tahap perbaikan,hawa,(ditulis dengan huruf kecil) perempuan
77,hawa pada pagi hari ini terasa sejuk sekali,hawa,"keadaan udara (bukan suhu, cuaca, dan lain-lain)"
78,gunakan jangka sebagai alat bantu untuk membuat lingkaran,jangka,"alat untuk membuat bulatan (lingkaran, mengukur jarak pada peta, dan sebagainya), berupa benda yang berkaki dua yang dapat dilebarkan dan disempitkan langkahnya atau ukurannya"
79,menuju teras rumah hanya butuh beberapa langkah dari pintu,teras,tanah atau lantai yang agak tinggi di depan rumah
80,udara malam ini tidak begitu dingin,malam,waktu setelah matahari terbenam hingga matahari terbit
81,bunga di pagi hari dibasahi oleh embun pagi,bunga,"bagian tumbuhan yang akan menjadi buah, biasanya elok warnanya dan harum baunya; kembang"
82,dia rela dimadu oleh suaminya,madu,istri sah yang lain dari seorang suami berdasarkan pandangan istri pertamanya
83,setiap balita punya hak untuk imunisasi,hak,kewenangan
84,jangan menggunakan sepatu hak tinggi dalam prosesi wisuda,hak,telapak sepatu pada bagian tumit yang relatif tinggi
85,martabak asal kota malang memiliki cita rasa yang nikmat,asal,"keadaan (tempat, wujud, rupa, dan sebagainya) yang semula; pangkal permulaan"
86,babak pertama kontes take me out dimenangkan oleh effendy,babak,"bagian dari suatu keseluruhan proses, kejadian, atau peristiwa"
87,risqi aris babak belur dihajar oleh tetangganya,babak,lecet (tentang kulit)
88,Selai rasa apel memang paling banyak disukai anak-anak,apel,buah apel
89,Tahu makanan kesukaanku,tahu,"makanan dari kedelai putih yang digiling halus-halus, direbus, dan dicetak"
90,Istri mana yang mau dimadu,madu,istri sah yang lain dari seorang suami berdasarkan pandangan istri pertamanya
91,"Setiap tahun, ani menerima bunga 5 persen dari bank",bunga,"imbalan jasa untuk penggunaan uang atau modal yang dibayar pada waktu tertentu berdasarkan ketentuan atau kesepakatan, umumnya dinyatakan sebagai persentase dari modal pokok"
92,Bunga mawar di taman tampak layu,bunga,jenis untuk berbagai-bagai bunga
93,Madu mempunyai banyak manfaat untuk kesehatan tubuh,madu,cairan yang banyak mengandung zat gula pada sarang lebah atau bunga (rasanya manis)
94,Umumnya semua istri tidak akan pernah mau dimadu,madu,istri sah yang lain dari seorang suami berdasarkan pandangan istri pertamanya
95,"Saat kau ingin rumahmu terang alami, pakailah genting kaca di bagian tertentu atap rumahmu",genting,"tutup atap rumah yang terbuat dari tanah liat yang dicetak dan dibakar, bermacam-macam bentuknya"
96,Keadaan bertambah genting mendengar kabar ani diculik,genting,tegang; berbahaya (tentang keadaan yang mungkin segera menimbulkan bencana perang dan sebagainya)
97,Langkah yang diambil harus dapat dipertanggungjawabkan dan sesuai dengan aturan yang berlaku,langkah,sikap; tindak-tanduk; perbuatan
98,"Seiring bertambahnya umur, langkah kaki seseorang dapat menjadi semakin lambat ketika berjalan",langkah,"gerakan kaki (ke depan, ke belakang, ke kiri, ke kanan) waktu berjalan"
99,Halaman yang indah menjadi idaman setiap orang yang punya rumah,halaman,pekarangan rumah (sekolah dan sebagainya); tanah di sekitar rumah (sekolah dan sebagainya)
100,Bagian HRM mau mengadakan rapat nanti sore untuk membicarakan penghargaan atas kinerja karyawan,rapat,pertemuan (kumpulan) untuk membicarakan sesuatu; sidang; majelis
101,kita dulu berada pada rahim ibu,rahim,"kantong selaput dalam perut, tempat janin (bayi); peranakan; kandungan"
102,tahun 2015 Cassilas hengkang dari real madrid,hengkang,mundur
103,hari senin terjadi baku hantam antar siswa smp di Malang,baku,saling
104,pencuri memasuki rumah dengan memanjat genting,genting,"tutup atap rumah yang terbuat dari tanah liat yang dicetak dan dibakar, bermacam-macam bentuknya"
105,menikmati kopi di halaman depan rumah,halaman,pekarangan rumah (sekolah dan sebagainya); tanah di sekitar rumah (sekolah dan sebagainya)
106,Para guru hadir pagi hari untuk melakukan apel,apel,upacara
107,Apel itu banyak yang busuk,apel,buah apel
108,Kakak selalu bersantai setiap sore di teras rumah,teras,tanah atau lantai yang agak tinggi di depan rumah
109,Bola itu mental ke arah Budi,mental,terpelanting; terpental
110,"paman membawa banyak oleh-oleh makanan, yang paling terkenal adalah tahu sumedang",tahu,"makanan dari kedelai putih yang digiling halus-halus, direbus, dan dicetak"
111,Beberapa kali anak itu dipukuli oleh ayahnya,kali,kata untuk menyatakan kekerapan tindakan
112,Daging ayam itu harus dipotong dadu,dadu,"kubus kecil bersisi enam (biasanya terbuat dari kayu, tulang, gading, atau plastik), pada keenam sisinya diberi mata satu sampai enam yang diatur sedemikian rupa sehingga dua sisi yang saling berhadapan selalu berjumlah tujuh (digunakan dalam permainan, berjudi, dan sebagainya)"
113,Tahu itu bulat seperti bola ping pong,tahu,"makanan dari kedelai putih yang digiling halus-halus, direbus, dan dicetak"
114,sebelum masuk rumah baiknya mengucap salam,salam,ucapan as-salāmu ’alaikum wa raḥmatullāhi wa barakātuh
115,pupus sudah harapanku selama ini,pupus,habis sama sekali; hilang lenyap; punah
116,harga daun di pasar blimbing cukup murah,pasar,tempat orang berjual beli; pekan
117,pencuri itu kabur melarikan diri setelah dipergoki pemilik rumah,kabur,berlari cepat-cepat; melarikan diri
118,mata nenek sudah kabur karena dimakan usia,kabur,tidak dapat melihat sesuatu dengan jelas (tentang mata)
119,sempat terjadi kerusuhan yang sangat mencekam saat tragedi 1998,rusuh,kacau; ribut; gaduh; huru-hara
120,adam adalah manusia laki-laki pertama dimuka bumi,adam,"nabi, rasul, dan nama manusia laki-laki pertama yang diciptakan oleh Tuhan"
121,dia menderita penyakit asma semenjak kecil sehingga dia dianjurkan untuk berenang tiap minggu,asma,"gangguan pernapasan yang sering bersifat alergis, ditandai dengan sulit bernapas dan rasa sesak dalam dada; penyakit sesak napas; bengek"
122,pak budi sangatlah kaya tapi dia orang yang kikir,kikir,terlampau hemat memakai harta bendanya; pelit; lokek; kedekut
123,teman saya mempunyai penyakit asma semenjak lama,asma,"gangguan pernapasan yang sering bersifat alergis, ditandai dengan sulit bernapas dan rasa sesak dalam dada; penyakit sesak napas; bengek"
124,dia adalah orang yang kejam karena memberikan harapan palsu,kejam,tidak menaruh belas kasihan; bengis; zalim
125,setiap hari saya haruslah menyapu halaman,halaman,pekarangan rumah (sekolah dan sebagainya); tanah di sekitar rumah (sekolah dan sebagainya)
126,warga menjadi rusuh akibat haknya tidak terpenuhi,rusuh,kacau; ribut; gaduh; huru-hara
127,Kelelawar mencari makan di malam hari,malam,waktu setelah matahari terbenam hingga matahari terbit
128,Rapat itu dihadiri oleh jajaran KPK beserta Kapolri,rapat,pertemuan (kumpulan) untuk membicarakan sesuatu; sidang; majelis
129,Ibu membeli buah apel di Pasar,apel,buah apel
130,Ratna menanam Bunga Anggrek di depan rumah,bunga,jenis untuk berbagai-bagai bunga
131,dia gondok hingga sangat marah karena dibully teman-temannya,gondok,mendongkol; marah yang tertahan
132,Penyakit gondok adalah kondisi dimana terjadi pembengkakan kelenjar tiroid,gondok,penyakit bengkak pada leher depan karena kelenjar yang menjadi besar; beguk
133,halaman rumah itu sangat luas sekali,halaman,pekarangan rumah (sekolah dan sebagainya); tanah di sekitar rumah (sekolah dan sebagainya)
134,buka halaman 51 dan kerjakan soalnya,halaman,"muka dari lembaran buku (majalah, surat kabar, dan sebagainya); pagina"
135,meski kredit memiliki bunga yang tinggi masih saja orang banyak yang memakai,bunga,"imbalan jasa untuk penggunaan uang atau modal yang dibayar pada waktu tertentu berdasarkan ketentuan atau kesepakatan, umumnya dinyatakan sebagai persentase dari modal pokok"
136,buku habis gelap terbitlah terang merupakan ciptaan dari R.A Kartini,buku,"lembar kertas yang berjilid, berisi tulisan atau kosong; kitab"
137,meskipun berbahaya bisa ular digunakan untuk membuat penawar racun untuk orang yang digigit,bisa,"zat racun yang dapat menyebabkan luka, busuk, atau mati bagi sesuatu yang hidup (biasanya terdapat pada binatang)"
138,dia menjalani opname di rumah sakit akibat kecelakaan tempo hari,opname,perawatan dengan menginap di rumah sakit
139,tumbuhan di indonesia memiliki ragam yang sangat banyak,ragam,macam; jenis
140,Pertandingan sepak bola kemarin menghasilkan skor seri,seri,seimbang; tidak ada yang menang dan tidak ada yang kalah
141,Andi sudah memiliki seri lengkap novel Harry Potter,seri,"rangkaian yang berturut-turut (tentang cerita, buku, peristiwa, dan sebagainya)"
142,paman kehilangan kunci mobilnya di kantor,kunci,alat untuk menghidupkan atau menjalankan mesin (mobil dan sebagainya)
143,Kunci keberhasilan dalam hidup adalah kerja keras dan tekun,kunci,"alat untuk mencapai suatu maksud (seperti membongkar rahasia, memecahkan masalah, menentukan kalah menang, atau berhasil tidaknya sesuatu)"
144,Upacara hari senin akan dibuka oleh sambutan kepala sekolah,kepala,"pemimpin; ketua (kantor, pekerjaan, perkumpulan, dan sebagainya)"
145,kepala adik tertabrak pintu lemari saat ingin mengambil baju,kepala,"bagian tubuh yang di atas leher (pada manusia dan beberapa jenis hewan merupakan tempat otak, pusat jaringan saraf, dan beberapa pusat indra)"
146,Tidak terlihat apapun dalam ruangan itu karena terlalu gelap,dalam,kata depan untuk menandai tempat yang mengandung isi
147,Kesuksesan dapat diperoleh melalui ketekunan dan usaha memahami segalanya secara dalam,dalam,paham benar-benar (tentang ilmu pengetahuan dan sebagainya)
148,Kembangkan sayapmu dan terbanglah tinggi di langit yang biru,kembang,buka lebar; bentang
149,Usaha tersebut semakin berkembang dan berhasil menarik perhatian banyak konsumen,kembang,buka lebar; bentang
150,"Saat mengemudi, pastikan untuk memutar setir ke arah yang benar saat melewati tikungan tajam",memutar,membelokkan hingga arah menjadi berlawanan
151,Saya biasa memutar musik klasik ketika sedang membaca buku agar lebih fokus,memutar,"menyetel atau memasang supaya hidup atau berbunyi (tentang radio, televisi, kaset)"
152,Dia menunjukkan sifat yang dingin dan sulit untuk didekati setiap kali berada di tengah-tengah orang baru,dingin,tidak ramah; kaku (tentang suasana dan sebagainya)
153,"Udara di puncak gunung sangatlah dingin, jadi pastikan kamu membawa jaket tebal saat naik ke sana",dingin,bersuhu rendah apabila dibandingkan dengan suhu tubuh manusia; tidak panas; sejuk
154,Kedatangan tim basket internasional disambut dengan teriakan penonton yang berapi-api,api,"perasaan yang menggelora (tentang cinta, perjuangan); semangat"
155,"Sambil menatap api unggun yang membakar kayu bakar, kami bercerita tentang pengalaman-pengalaman kami selama perjalanan ke hutan belantara",api,panas dan cahaya yang berasal dari sesuatu yang terbakar; nyala
156,Keberuntungan menghujani setiap usaha yang dilakukan dengan sungguh-sungguh dan tekun,hujan,yang datang dan sebagainya banyak-banyak
157,Hujan lebat mengakibatkan banjir di beberapa wilayah kota tadi malam,hujan,titik-titik air yang berjatuhan dari udara karena proses pendinginan
158,Sebidang tanah seluas 2 hektar tersebut milik pemerintah daerah setempat,bidang,"kata penggolong bagi barang-barang yang luas seperti tanah, sawah, ladang"
159,Perusahaan kami sedang mencari tenaga kerja baru di bidang pemasaran,bidang,segi pandangan; aspek
160,"Astronomi adalah ilmu yang mempelajari tentang bintang, planet, dan galaksi di angkasa",bintang,"benda langit yang mampu memancarkan cahaya dan memproduksi energi sendiri, misalnya matahari"
161,"Untuk menghemat ruang, saya seringkali melipat pakaian yang tidak lagi digunakan",lipat,"patah dua sehingga bidangnya menjadi seperdua (tentang kertas, kain, dan sebagainya) | tekuk atau rebahkan sehingga satu bagian menutupi bagian lainnya"
162,Pada era gempuran media sosial seperti saat ini fenomena ketidakamanan insecurity telah merambah pada hampir seluruh kalangan usia termasuk remaja,fenomena,sesuatu yang luar biasa; keajaiban
163,Oleh karena itu topik tentang ketidakamanan ini menjadi menarik untuk ditelusuri akar penyebabnya,topik,hal yang menarik perhatian umum pada waktu akhir-akhir ini; bahan pembicaraan
164,Ketidakamanan yang berkepanjangan akan berakibat fatal dan mengarah pada terganggunya keadaan mental seseorang,arah,tujuan; maksud
165,Seseorang yang mengalami perasaan tidak aman juga akan sangat terganggu dalam konteks produktivitas,rasa,tanggapan hati terhadap sesuatu (indra)
166,Hal tersebut disebabkan fokus seseorang bukan lagi tentang menemukan nilai diri sendiri tetapi cenderung memikirkan standar orang lain,temu,sua; jumpa
167,Salah satu penyebab seseorang merasa tidak aman adalah ketidakmampuan seseorang dalam mencintai diri sendiri self love,sebab,hal yang menjadikan timbulnya sesuatu; lantaran; karena; (asal) mula
168,Ketika seseorang tidak mampu menerima dirinya sendiri ia akan mudah tergerus oleh standar orang lain yang sebenarnya tidak perlu diterapkan pada diri sendiri,mudah,"lekas sekali (menjadi, menderita, dan sebagainya)"
169,Dalam hal ini konsep tentang self love perlu dikenalkan dan dibiasakan sejak anak usia dini sebagai bekal pada masa mendatang,konsep,ide atau pengertian yang diabstrakkan dari peristiwa konkret
170,Anak yang sejak kecil telah mengenal cinta diri sendiri akan tumbuh menjadi anak yang percaya diri mampu mengerti kebutuhan diri dan memiliki kecerdasan dalam berhubungan sosial,butuh,perlu
171,Setidaknya anak akan memiliki tameng sejak dini untuk menangkal segala pengaruh buruk yang dapat menyebabkan ketidakamanan dini pada anak melalui pengenalan cinta diri sendiri,milik,kepunyaan; hak
172,Anak yang mencintai diri dan memiliki persepsi yang baik terhadap dirinya sendiri juga akan dapat mengatasi konflik dengan tenang dan tidak mudah terpengaruh standar orang lain,mudah,"lekas sekali (menjadi, menderita, dan sebagainya)"
173,Hal tersebut disebabkan anak sudah mengenali siapa dirinya apa nilai dan karakteristik dirinya,sebab,oleh karena; terjadi karena; sebagai akibat
174,Selain itu anak juga telah memahami bahwa setiap orang memiliki keunikan yang berbeda sehingga anak akan memandang kekurangan diri adalah hal yang wajar serta kelebihan sebagai hal yang patut dimaksimalkan,beda,sesuatu yang menjadikan berlainan (tidak sama) antara benda yang satu dan benda yang lain; ketidaksamaan
175,Hal penting lainnya terkait pengenalan konsep cinta diri sendiri pada anak adalah mencegah terjadinya gangguan kondisi mental dan emosional pada anak usia dini yang seringkali tidak terdeteksi,mental,"bersangkutan dengan batin dan watak manusia, yang bukan bersifat badan atau tenaga"
176,Salah satu faktor yang memyebabkan gangguan mental dan emosional pada anak adalah lingkungan buruk yang selalu menekankan standar standarnya,mental,"bersangkutan dengan batin dan watak manusia, yang bukan bersifat badan atau tenaga"
177,Selain itu terdapat pula faktor psikogenik berupa hubungan anak dengan teman sebaya dan lingkungan masyarakat yang tidak sehat yang menyebabkan mental dan emosional anak terganggu,faktor,"hal (keadaan, peristiwa) yang ikut menyebabkan (memengaruhi) terjadinya sesuatu"
178,Berdasarkan hal tersebut cinta diri sendiri menjadi amat penting bagi anak usia dini untuk membantu mencegah adanya ancaman tersebut,dasar,"pokok atau pangkal suatu pendapat (ajaran, aturan); asas"
179,Seperti yang telah umum diketahui anak merupakan penyerap segala hal di sekitarnya yang berarti kemampuan otak anak sangat luar biasa dalam menyerap informasi,otak,alat berpikir; pikiran; benak
180,Masa perkembangan anak usia dini akan memengaruhi kepribadian anak ketika ia dewasa,pengaruh,"daya yang ada atau timbul dari sesuatu (orang, benda) yang ikut membentuk watak, kepercayaan, atau perbuatan seseorang"
181,Dalam hal ini buku cerita dapat dijadikan sebagai media dalam mengenalkan cinta diri sendiri pada masa perkembangan anak dan membantu pembentukan kepribadian anak,buku,"lembar kertas yang berjilid, berisi tulisan atau kosong; kitab"
182,Anak usia dini dekat dengan cerita fiksi yang penuh imajinasi seperti yang ada dalam buku cerita karena hal tersebut mampu meningkatkan minat dan ketertarikan anak tentang suatu hal,fiksi,"cerita rekaan (roman, novel, dan sebagainya)"
183,Oleh sebab itu buku cerita sangat berguna dalam upaya pengenalan karakteristik kepribadian termasuk cinta diri sendiri pada anak,cerita,"karangan yang menuturkan perbuatan, pengalaman, atau penderitaan orang; kejadian dan sebagainya (baik yang sungguh-sungguh terjadi maupun yang hanya rekaan belaka)"
184,Melalui buku cerita aspek aspek perkembangan anak juga dapat terlatih mulai dari aspek agama moral fisik motorik kognitif bahasa sosial emosional hingga seni,aspek,"pemunculan atau penginterpretasian gagasan, masalah, situasi, dan sebagainya sebagai pertimbangan yang dilihat dari sudut pandang tertentu"
185,Isi cerita yang menceritakan tentang cinta diri sendiri akan memberikan stimulus berupa gambaran tentang cinta diri sendiri tersebut kepada anak,cerita,"karangan yang menuturkan perbuatan, pengalaman, atau penderitaan orang; kejadian dan sebagainya (baik yang sungguh-sungguh terjadi maupun yang hanya rekaan belaka)"
186,Selain itu anak juga akan lebih cepat memahami konsep cinta diri sendiri melalui penggambaran watak tokoh dalam suatu cerita alih alih hanya dijelaskan secara teoretis oleh orang lain,tokoh,pemegang peran (peran utama) dalam roman atau drama
187,Dari situlah anak akan belajar memahami konsep cinta diri sendiri dan mengaitkannya dengan pengalaman nyata pribadinya mengolah imajinasi memberikan kesenangan dan melatih kemampuan anak dalam berhubungan di lingkungan sosial tanpa harus terbawa oleh standar yang dibuat oleh masyarakat,konsep,ide atau pengertian yang diabstrakkan dari peristiwa konkret
188,Beberapa penelitian terdahulu yang juga meneliti buku cerita anak antara lain penelitian yang dilakukan oleh Annisa Srimaryanti dkk,buku,"lembar kertas yang berjilid, berisi tulisan atau kosong; kitab"
189,Dalam penelitiannya yang berjudul Analisis Self love dalam Kumpulan Cerita Anak Majalah Bobo disimpulkan bahwa cerita anak dalam majalah Bobo mengandung aspek aspek cinta diri sendiri yang tersirat yang dapat mengembangkan sikap cinta diri sendiri pada anak melalui cara yang menyenangkan yakni berupa cerita,aspek,"pemunculan atau penginterpretasian gagasan, masalah, situasi, dan sebagainya sebagai pertimbangan yang dilihat dari sudut pandang tertentu"
190,Berikutnya penelitian Susana Kamilah yang berjudul Analisis Konten Buku Cerita Aku Sayang Tubuhku sebagai Media Pendidikan Seksual untuk Anak Usia Dini Dalam penenelitian tersebut dikemukakan bahwa buku cerita merupakan media yang sangat tepat untuk digunakan sebagai sarana pengenalan pendidikan seksual anak sejak usia dini,sarana,segala sesuatu yang dapat dipakai sebagai alat dalam mencapai maksud atau tujuan; alat; media
191,Kemudian penelitian Vivi Sufiati dan Nur Hasanah berjudul Pengembangan Sosial Emosi Melalui Cerita untuk Anak Usia Dini yang mendapatkan hasil akhir bahwa cerita mampu menstimulasi kemampuan aspek sosial dan emosional anak melalui kesesuaian bahasa anak dengan bahasa yang digunakan dalam cerita yang mencukupi asupan kebutuhan anak dalam berekspresi,hasil,"sesuatu yang diadakan (dibuat, dijadikan, dan sebagainya) oleh usaha (tanam-tanaman, sawah, tanah, ladang, hutan, dan sebagainya)"
192,Buku Rafa si Raflesia merupakan buku cerita anak yang diterbitkan oleh Penerbit Bestari bekerja sama dengan Room to Read Accelerator dan cetakan pertama terbit pada tahun 2019,terbit,"keluar untuk diedarkan (tentang surat kabar, buku, dan sebagainya)"
193,Penulis buku ini adalah Debby Lukito Goeyardi dan diilustrasikan oleh Vannia Rizky Santoso,buku,"lembar kertas yang berjilid, berisi tulisan atau kosong; kitab"
194,Ilustrasi yang digunakan dalam buku ini memiliki gaya berupa ilustrasi gunting kertas berpola yang sangat menarik untuk anak anak,gaya,"ragam (cara rupa, bentuk, dan sebagainya) yang khusus (mengenai tulisan, karangan, pemakaian bahasa, bangunan rumah, dan sebagainya)"
195,Buku ini memiliki jumlah halaman sebanyak 24 halaman dan dicetak dalam ukuran A4 sehingga nyaman untuk dibaca oleh anak anak,buku,"lembar kertas yang berjilid, berisi tulisan atau kosong; kitab"
196,Berdasarkan penelitian yang telah dilakukan peneliti menemukan bahwa dalam buku cerita anak berjudul Rafa si Raflesia mengandung makna tersirat mengenai konsep cinta diri,dasar,"pokok atau pangkal suatu pendapat (ajaran, aturan); asas"
197,Seperti yang telah dijelaskan di awal bahwa cinta diri sendiri adalah suatu kemampuan atau perasaan cinta terhadap diri sendiri yang diaktualisasikan melalui sikap penerimaan dan pemahaman akan diri sendiri serta tidak terpengaruh oleh tuntutan tuntutan atau standar standar orang lain,rasa,tanggapan hati terhadap sesuatu (indra)
198,"Cinta diri sendiri dapat dicapai ketika seorang individu telah memiliki aspek aspek kesadaran diri, harga diri, kepercayaan diri, dan perawat diri",aspek,"pemunculan atau penginterpretasian gagasan, masalah, situasi, dan sebagainya sebagai pertimbangan yang dilihat dari sudut pandang tertentu"
199,Berikut analisis dan penjabaran hasil penelitian mengenai empat aspek cinta diri sendiri yang tersirat dalam buku cerita Rafa si Raflesia,jabar,urai (secara terperinci)
200,Hal uniknya terdapat keterkaitan yang erat antara kebahagiaan seseorang dan kemampuannya dalam memahami diri sendiri yakni semakin seseorang mampu mengenal dan memahami diri semakin mudah pula seseorang untuk mendapat kebahagiaan dalam hidup Shoshana 2020,mudah,tidak memerlukan banyak tenaga atau pikiran dalam mengerjakan; tidak sukar; tidak berat; gampang
201,Itu artinya kebahagiaan seseorang berbanding lurus dengan sejauh mana seseorang mengenal dirinya sendiri,bahagia,keadaan atau perasaan senang dan tenteram (bebas dari segala yang menyusahkan)
202,Hal tersebut juga akan membantu seseorang dalam kehidupan bersosial,sosial,berkenaan dengan masyarakat
203,Terdapat sebuah ungkapan klise tak kenal maka tak sayang,klise,gagasan (ungkapan) yang terlalu sering dipakai
204,Ungkapan tersebut dapat disandingkan dengan konsep kesadaran diri yang dalam hal ini merupakan salah satu aspek dari cinta diri sendiri,sanding,dekat; damping; sebelah
205,Sebelum seseorang mencintai diri sendiri hendaknya orang tersebut mengenali dirinya sendiri,cinta,suka sekali; sayang benar
206,Tahap pengenalan dan pemahaman terhadap diri sendiri ini dapat dilakukan dengan menjawab beberapa pertanyaan penting yakni siapa diri saya apa yang saya suka dan tidak suka emosi seperti apa yang sedang saya rasakan apa yang saya dapat dan tidak dapat lakukan dan apa hal unik dari diri saya,rasa,tanggapan hati terhadap sesuatu (indra)
207,Dengan menjawab kelima pertanyaan tersebut setidaknya seseorang akan mendapatkan gambaran besar mengenai dirinya yang nantinya berdampak baik pada cara seseorang menghadapi segala kondisi di sekitarnya,dampak,pengaruh kuat yang mendatangkan akibat (baik negatif maupun positif)
208,Kesadaran diri sangat penting untuk dikenalkan pada anak sejak usia dini,dini,sebelum waktunya
209,Sebab dengan memiliki kemampuan kesadaran diri anak akan mampu mengerti kapan dirinya membutuhkan pertolongan atau hendak menolong orang lain sesuai dengan kapasitasnya Handayani 2021,sadar,insaf; merasa; tahu dan mengerti
210,Terkadang ada anak yang tidak mampu mengungkapkan keinginannya atau sungkan untuk meminta tolong,sungkan,menaruh hormat; segan
211,Kondisi tersebut disebabkan oleh ketidakmampuan anak dalam memahami dirinya sendiri tentang apa yang disuka dan dibutuhkan,butuh,perlu
212,Ada pula anak yang tidak mampu mengontrol dan mengekspresikan emosi dalam dirinya,ekspresi,"pengungkapan atau proses menyatakan (memperlihatkan atau menyatakan maksud, gagasan, perasaan, dan sebagainya)"
213,Hal ini terjadi akibat ketidakpahaman anak terhadap perasaan dan emosinya,rasa,tanggapan hati terhadap sesuatu (indra)
214,Maka dari itu anak usia dini penting untuk dikenalkan kesadaran diri sejak dini agar segi sosial dan emosionalnya dapat berkembang,sadar,insaf; merasa; tahu dan mengerti
215,Dalam buku Rafa si Raflesia terdapat aspek kesadaran diri secara tersirat yakni tokoh Rafa yang digambarkan sebagai tokoh yang telah memahami hakikat dirinya sendiri sebagai bunga yang berbeda dari bunga yang lain,buku,"lembar kertas yang berjilid, berisi tulisan atau kosong; kitab"
216,Rafa senang dia terlihat berbeda di taman ini,taman,tempat (yang menyenangkan dan sebagainya)
217,Dalam cerita selanjutnya Rafa mampu mendeskripsikan perbedaan perbedaan yang ada pada dirinya seperti dalam narasi berikut,cerita,"karangan yang menuturkan perbuatan, pengalaman, atau penderitaan orang; kejadian dan sebagainya (baik yang sungguh-sungguh terjadi maupun yang hanya rekaan belaka)"
218,Rafa tidak punya daun tetapi punya kelopak yang besar,daun,bagian tanaman yang tumbuh berhelai-helai pada ranting (biasanya hijau) sebagai alat bernapas dan mengolah zat makanan
219,Kedua narasi tersebut membuktikan bahwa tokoh Rafa mampu mengenali dirinya sendiri sebagai bunga Raflesia dengan karakteristik karakteristiknya,tokoh,pemegang peran (peran utama) dalam roman atau drama
220,Ungkapan senang juga mengindikasikan bahwa tokoh Rafa mampu mengenali emosi yang dirasakannya yakni perasaan senang,emosi,"keadaan dan reaksi psikologis dan fisiologis (seperti kegembiraan, kesedihan, keharuan, kecintaan); keberanian yang bersifat subjektif"
221,Maka dari itu kesadaran diri telah tersisip dalam narasi cerita ini,tersisip,termasuk atau termuat di dalamnya; terselip; terselit; terkandung
222,Pentingnya kesadaran diri bagi anak adalah melatih anak dalam mengenali karakteristik dirinya sendiri baik karakteristik secara fisik maupun psikis emosi,sadar,insaf; merasa; tahu dan mengerti
223,Anak perlu mengetahui bentuk fisik dirinya apakah berambut panjang atau pendek berkulit sawo matang atau putih bermata bulat atau sipit dan lain lain,bentuk,bangun; gambaran
224,Anak juga perlu mengetahui bahwa perbedaan fisik antara dirinya dan orang lain pasti ada dan wajar,beda,sesuatu yang menjadikan berlainan (tidak sama) antara benda yang satu dan benda yang lain; ketidaksamaan
225,Selain karakteristik fisik penting pula bagi anak untuk dapat merasakan emosinya misalkan senang sedih marah ataupun kecewa,rasa,tanggapan hati terhadap sesuatu (indra)
226,Sebab dengan merasakan emosi anak akan mendapat pengalaman dan pengetahuan baru tentang perbedaan emosi,dapat,menerima; memperoleh
227,Setelah memahaminya anak juga akan mudah berekspresi dan terbuka mengutarakan perasaannya,mudah,tidak memerlukan banyak tenaga atau pikiran dalam mengerjakan; tidak sukar; tidak berat; gampang
228,Ini selaras dengan penelitian sebelumnya yang menyimpulkan bahwa kesadaran diri akan membantu anak dalam mengenali dirinya serta memengaruhi anak dalam merespons kondisi di sekitarnya,laras,kesesuaian; kesamaan
229,Hal ini tentu akan sangat memengaruhi harga diri anak usia dini,harga,kehormatan (diri)
230,Sebaliknya ketika pola asuh orang tua diterapkan secara otoriter dan tidak memberikan ruang bagi anak untuk berdiskusi harga diri anak akan turun,pola,bentuk (struktur) yang tetap
231,Maka dari itu penting untuk mulai mengenalkan anak terhadap konsep harga diri untuk menuju cinta diri sendiri seutuhnya,harga,kehormatan (diri)
232,Terdapat keterkaitan yang erat antara harga diri dan kepercayaan diri yakni semakin tinggi harga diri seseorang maka semakin tinggi pula tingkat kepercayaan dirinya,erat,"teguh (tentang janji, pertalian)"
233,Kepercayaan diri merupakan kebutuhan yang harus dipenuhi setelah kebutuhan fisiologis afektif dan rasa aman,aman,tenteram; tidak merasa takut atau khawatir
234,Adapun tingkat kepercayaan diri dipengaruhi oleh beberapa hal yakni jenis kelamin kelas sosial dan pola asuh dalam lingkungan baik lingkungan sosial maupun lingkungan keluarga,kelas,"kelompok masyarakat berdasarkan pendidikan, penghasilan, kekuasaan, dan sebagainya"
235,Perbedaan jenis kelamin dapat memengaruhi tingkat kepercayaan diri seseorang,beda,sesuatu yang menjadikan berlainan (tidak sama) antara benda yang satu dan benda yang lain; ketidaksamaan
236,Ada beberapa orang yang jauh lebih percaya diri ketika dirinya memiliki tingkat pendidikan pekerjaan dan penghasilan yang tinggi sedangkan yang tingkatnya rendah seringkali rentan terkena perundungan,rendah,dekat ke bawah; tidak tinggi
237,Rafa bangga ketika kelopaknya mulai membuka baunya sangat kuat,bangga,besar hati; merasa gagah (karena mempunyai keunggulan)
238,Perasaan bangga Rafa ketika membuka kelopaknya mengindikasikan bahwa Rafa percaya diri dengan dirinya,rasa,tanggapan hati terhadap sesuatu (indra)
239,Ia mampu mengidentifikasi kekurangan dan kelebihan yang ada dalam dirinya seperti dalam narasi berikut,identifikasi,"penentu atau penetapan identitas seseorang, benda, dan sebagainya"
240,Rafa juga berwarna merah tetapi penuh bintik seperti kutil,merah,warna dasar yang serupa dengan warna darah: warna bajunya
241,Narasi tersebut menjelaskan persamaan Rafa dengan bunga mawar yakni sama sama berwarna merah tetapi perbedaannya terletak pada adanya bintik seperti kutik pada kelopak Rafa,sama,"serupa (halnya, keadaannya, dan sebagainya); tidak berbeda; tidak berlainan"
242,Hal ini tentu dapat dikatakan bahwa tokoh Rafa memahami kekurangan dirinya tetapi dia tetap tidak masalah dengan kekurangannya terlihat dari penggambaran ekspresi pada ilustrasi tokoh Rafa yang tersenyum senang alih alih sedih,tokoh,pemegang peran (peran utama) dalam roman atau drama
243,Dalam upaya pengenalan kepercayaan diri kepada anak terdapat pengaruh lingkungan baik lingkungan sosial maupun keluarga,keluarga,ibu dan bapak beserta anak-anaknya; seisi rumah
244,Lingkungan sosial bisa berupa lingkungan masyarakat atau sekolah,sosial,"suka memperhatikan kepentingan umum (suka menolong, menderma, dan sebagainya)"
245,Anak yang mendapat perlakuan baik dari masyarakat teman teman dan guru akan memiliki kepercayaan diri yang baik pula,laku,perbuatan; gerak-gerik; tindakan; cara menjalankan atau berbuat
246,Sementara itu lingkungan keluarga berperan penting melalui pola asuh yang diterapkan misalnya pada cara orang tua dalam memperlakukan anak cara mengapresiasi anak dan cara meyakinkan anak tentang keberhargaan diri anak,pola,sistem; cara kerja
247,Jika anak mendapat asupan yang baik dari keluarga persepsi anak terhadap dirinya sendiri akan selalu positif dan meningkatkan kepercayaan diri anak dalam kehidupan sosial,keluarga,ibu dan bapak beserta anak-anaknya; seisi rumah
248,Proses interaksi sosial manusia dengan pihak lainnya diwujudkan dalam bentuk komunikasi komunikasi yang biasanya berbentuk sekumpulan rumus atau kode kode yang disepakati oleh kedua belah pihak,belah,sisi; pihak
249,Pada tataran praktiknya komunikasi verbal cenderung lebih banyak digunakan manusia untuk menyampaikan hasrat gagasan dan maksud keinginan mereka kepada pihak lain,praktik,perbuatan menerapkan teori (keyakinan dan sebagainya); pelaksanaan
250,Melalui bahasa mereka berinteraksi bernegosiasi saling menyampaikan pendapat dan saling memengaruhi sekaligus dipengaruhi,bahasa,"sistem lambang bunyi yang arbitrer, yang digunakan oleh anggota suatu masyarakat untuk bekerja sama, berinteraksi, dan mengidentifikasikan diri"
251,Para pejuang dengan sengaja menerapkannya di berbagai momen penting dalam rangka menuju kemerdekaan baik bersifat resmi maupun tidak,rangka,rancangan; rencana; skema; (dalam) kaitan (dengan); hubungan
252,Hingga saat ini bahasa Indonesia menjadi alat komunikasi utama dalam berkehidupan berbangsa dan bernegara meski dengan berbagai dinamika baik perubahan maupun penyesuaian tertentu melalui tangan para ahli,alat,yang dipakai untuk mencapai maksud
253,Sebagaimana disebutkan sebelumnya serta sebagai sebuah produk budaya bahasa mengalami perkembangan yang dinamis,budaya,"sesuatu mengenai kebudayaan yang sudah berkembang (beradab, maju)"
254,Pola interaksi dan kebutuhan komunikasi yang beragam melahirkan tata bahasa yang kompleks sehingga menuntut adanya penerapan maksimal bahasa Indonesia yang baku sebagai sarana interaksi dan komunikasi formal,pola,bentuk (struktur) yang tetap
255,Namun di sisi lain masyarakat telah mentradisikan berbahasa Indonesia yang sederhana dan mudah dipahami tanpa harus menerapkan aturan kebahasaan formal sebagaimana dirancang oleh para pakar bahasa,sederhana,tidak banyak seluk-beluknya (kesulitan dan sebagainya); tidak banyak pernik; lugas
256,Diskusi mengenai penerapan bahasa Indonesia baku hingga saat ini masih menjadi sorotan berbagai kalangan pemerhati bahasa,baku,tolok ukur yang berlaku untuk kuantitas atau kualitas yang ditetapkan berdasarkan kesepakatan; standar
257,Pendidikan tinggi sebagai institusi penting dalam penggalian pengetahuan memiliki peran yang penting dalam mendiskusikan permasalahan ini,gali,keduk; keruk
258,Bahasa Indonesia dengan berbagai fenomena komunikasi di dalam dan di luar akademik juga menjadi salah satu pembahasan yang menarik,fenomena,hal-hal yang dapat disaksikan dengan pancaindra dan dapat diterangkan serta dinilai secara ilmiah (seperti fenomena alam); gejala
259,Artikel ini berupaya menghadirkan diskusi terkait dengan polemik penggunaan bahasa Indonesia dimulai dari penerapan bahasa baku yang tepat dan asertif dalam keseharian ruang akademik hingga peranannya dalam pembentukan karakter,guna,fungsi
260,Sebagai lambang identitas nasional bahasa Indonesia dijunjung tinggi selain bendera nasional dan lagu kebangsaan,tinggi,luhur; mulia
261,Dalam melaksanakan fungsi ini bahasa Indonesia tentu harus memiliki identitasnya sendiri sehingga serasi dengan lambang kebangsaan lainnya,fungsi,peran sebuah unsur bahasa dalam satuan sintaksis yang lebih luas (seperti nomina berfungsi sebagai subjek)
262,Bahasa Indonesia dapat mewakili identitasnya sendiri apabila masyarakat pemakainya membina dan mengembangkannya sedemikian rupa sehingga bersih dari unsur unsur bahasa lain yang memang benar benar tidak diperlukan,bersih,tidak dicampur dengan unsur atau zat lain; asli
263,Misalnya pengadopsian istilahkata asing yang sudah ada padanannya dalam bahasa Indonesia,padan,cocok; sesuai; patut benar
264,Kedudukan pertama dari bahasa Indonesia sebagai bahasa nasional dibuktikan dengan digunakannya bahasa Indonesia dalam bulir bulir Sumpah Pemuda,kedudukan,keadaan yang sebenarnya (tentang perkara dan sebagainya)
265,Perkembangan internet di Indonesia pun menunjukkan pertumbuhan yang signifikan dari tahun ke tahun,tumbuh,"sedang berkembang (menjadi besar, sempurna, dan sebagainya)"
266,Masalah ilmiah biasanya menyangkut hal yang bersifat abstrak atau konseptual yang sulit dicari alat peraga atau analoginya dengan keadaan nyata,abstrak,tidak berwujud; tidak berbentuk; mujarad; niskala
267,Pembaca yang baik akan selalu memperkaya pengetahuan sehingga dapat menjadikan kehidupannya semakin bahagia,kaya,mempunyai banyak (mengandung banyak dan sebagainya)
268,Membaca berperan penting dalam kehidupan karena membaca adalah jantung pendidikan,jantung,"sesuatu yang bentuk, atau fungsinya seperti jantung"
269,"Dalam beberapa bulan terakhir sebagian dari kita dipaksa untuk bekerja dari rumah, termasuk kalangan pendidik Indonesia.",paksa,mengerjakan sesuatu yang diharuskan walaupun tidak mau
270,Hal ini dikarenakan oleh situasi pandemi yang eksis sejak Maret tahun lalu,eksis,ada dan berkembang
271,"Tak hanya itu, pendidik dituntut untuk kreatif dan inovatif guna pembelajaran yang dapat tersampaikan dengan baik kepada peserta didik",guna,kata depan untuk menyatakan tujuan; untuk; bagi
272,Penyebarluasan iptek dan pemanfaatannya pada perencanaan dan pelaksanaan pembangunan negara dilakukan dengan menggunakan bahasa Indonesia,bangun,cara menyusun atau susunan yang merupakan suatu wujud; struktur
273,Informasi pengoperasian teknologi menjadi penting pada masa pandemi ini,operasi,pelaksanaan rencana yang telah dikembangkan
274,Pembahasan ini merujuk pada sumbangsih ide untuk menggunakan berbagai media yang dapat digunakan dalam pembelajaran,media,"alat (sarana) komunikasi seperti koran, majalah, radio, televisi, film, poster, dan spanduk"
275,"Kemajuan teknologi tidak hanya pada perangkat keras, tetapi juga perkembangan perangkat lunak yang pesat",pesat,maju (berkembang) dengan cepat
276,Ponsel memungkinkan penggunanya untuk mempelajari bahasa melalui aplikasi-aplikasi tertentu,aplikasi,program komputer atau perangkat lunak yang didesain untuk mengerjakan tugas tertentu
277,Penelitian lain juga menunjukkan bahwa penggunaan perangkat seluler memiliki efek positif pada peningkatan keterampilan belajar bahasa,efek,akibat; pengaruh
278,pemahaman mendalam tentang media dan teknologi serta pemanfaatannya merupakan kebutuhan mendesak untuk mengatasi lajunya perubahan generasi ke generasi,mendesak,"memaksa untuk segera dilakukan (dipenuhi, diselesaikan karena ada dalam keadaan darurat, genting, dan sebagainya)"
279,"Keuntungan lainnya adalah dengan ukuran memori aplikasi yang lebih kecil sehingga dapat diakses dari berbagai perangkat secara bersamaan seperti smartphone, tablet, komputer, laptop dan lain-lain",memori,peranti komputer yang dapat menyimpan dan merekam informasi
280,"meskipun pembelajaran dilaksanakan secara daring, tetapi dalam prosesnya tidak membosankan dan menciptakan suasana yang membuat seolah siswa dan guru merasa seperti berada di dunia nyata bukan dunia maya",maya,"merujuk pada fitur atau peranti yang tidak benar-benar ada,disimulasikan oleh komputer dan dapat digunakan oleh pengguna seolah-olah memang ada"
281,Teks sastra merupakan respons atas keberjamakan teks yang melatarinya,latar,keadaan atau situasi (yang menyertai ujaran atau percakapan)
282,Goenawan Muhamad sudah fasih membuat puisi dengan imaji dan ide berlatar suasana yang kuat,latar,"keterangan mengenai waktu, ruang, dan suasana terjadinya lakuan dalam karya sastra"
283,Pada mulanya deret huruf disepakati dengan istilah kata,deret,"hubungan antara unsur bahasa secara linear, misalnya deret fonem dalam kata; realisasi dari urutan"
284,"Lalu, citra visual dan akustik menyertainya saat seseorang membubuhkannya dalam puisi atau saat seseorang membacanya",citra,"kesan mental atau bayangan visual yang ditimbulkan oleh sebuah kata, frasa, atau kalimat, dan merupakan unsur dasar yang khas dalam karya prosa dan puisi"
285,Di beranda ini angin tak kedengaran lagi,beranda,"ruang beratap yang terbuka (tidak berdinding) di bagian samping atau depan rumah (biasa dipakai untuk tempat duduk santai sambil makan angin, dan sebagainya); teras; langkan"
286,"Tentu saja, pengalaman penyair yang membubuhkan imaji dan ide dalam kedua puisi tersebut tidak akan seidentik dengan pengalaman seseorang saat membacanya karena pembaca potensial memiliki atmosfer pengetahuan dan pengalaman hidup yang berbeda",atmosfer,suasana perasaan yang bersifat imajinatif dalam naskah drama yang diciptakan oleh pengarangnya
287,"Sewaktu pulang dari tempat kerja, di tengah jalan, tepatnya di Jalan Cadas Pangeran, motor yang dikendarainya mogok",mogok,tidak dapat berjalan (bekerja) sebagaimana biasanya (tentang kendaraan)
288,"Sampai di sini, dramayana telah mencapai puncak kisah",puncak,"yang tertinggi; teratas; tingkatan (harta, keadaan, dan sebagainya) yang tertinggi atau tersangat"
289,Yang tersisa dari kita sebagai penikmat cerita adalah betapa kisah memilih jalannya sendiri tanpa kuasa sang tokoh utama untuk menghentikannya atau sekadar membelokkannya,tokoh,pemegang peran (peran utama) dalam roman atau drama
290,"Betapa daya dukung teknologi informasi dengan karakter konten yang serba cepat, luas, dan masif mampu mengonstruksi sebuah kenyataan",konstruksi,susunan dan hubungan kata dalam kalimat atau kelompok kata
291,"Ada yang geram, ada yang tertawa bahagia sambil berurai air mata karena merasa bahwa kisah ini begitu pilu plus tragis, tetapi sangat manusiawi",geram,marah sekali; gemas
292,Televisi dan telepon dapat dikatakan menjadi ikon puncak peradaban,puncak,"yang tertinggi; teratas; tingkatan (harta, keadaan, dan sebagainya) yang tertinggi atau tersangat"
293,Wiwi adalah presiden boneka yang dipasang oleh Sembilan Naga untuk mengamankan kepentingan ekonominya,boneka,orang (negara dan sebagainya) yang hanya menjadi mainan orang (negara dan sebagainya) lain
294,"Melalui totalitas sastranya, ia ibarat garda depan menawan bak pahlawan",menawan,menarik hati; memikat
295,Chairil mematangkan sekaligus membentangkan bahasa Indonesia ke depan,matang,sudah dipikirkan (dipertimbangkan) baik-baik; sudah diputuskan (disetujui bersama); sudah sempurna atau sudah pada tingkatan yang terbaik (terakhir)
296,"Keindonesiaan kami tidak semata-mata karena kulit kami yang sama matang, rambut kami yang hitam atau tulang pelipis kami yang menjorok ke depan",matang,mulai dewasa (tentang perkembangan manusia secara fisik dan psikologis)
297,"Dengan kata lain, ketiga makna tersebut sejajar dengan peristiwa saat teks diproduksi",sejajar,sama derajat (tingkat dan sebagainya)
298,"Ponsel memiliki sejumlah fitur yang cocok untuk pendidikan modern, terutama dalam hal navigasi dan berbagi konten pendidikan",fitur,"karakteristik khusus yang terdapat pada suatu alat (televisi, ponsel, dan sebagainya)"
299,mengembangkan mekanisme penyediaan materi pengembangan kompetensi guru dan media atau alat bantu mengajar yang bermutu dan terstandar,mutu,"(ukuran) baik buruk suatu benda; kadar; taraf atau derajat (kepandaian, kecerdasan, dan sebagainya); kualitas"
300,Pola interaksi dan kebutuhan komunikasi yang beragam melahirkan tata bahasa yang kompleks sehingga menuntut adanya penerapan maksimal bahasa Indonesia yang baku sebagai sarana interaksi dan komunikasi formal,pola,sistem; cara kerja